{
  "dataset_revision": "96a34e0f57b76f0a8a5ad54239329f3602f49edc",
  "mteb_dataset_name": "TwitterSemEval2015",
  "mteb_version": "1.2.1.dev0",
  "test": {
    "cos_sim": {
      "accuracy": 0.8091399555696605,
      "accuracy_threshold": 0.9279091954231262,
      "ap": 0.5302655517757177,
      "f1": 0.5224844720496894,
      "f1_threshold": 0.9038909673690796,
      "precision": 0.46311385157454305,
      "recall": 0.5993160444571103
    },
    "dot": {
      "accuracy": 0.8091399555696605,
      "accuracy_threshold": 0.927909255027771,
      "ap": 0.5302655973740186,
      "f1": 0.5224844720496894,
      "f1_threshold": 0.9038910269737244,
      "precision": 0.46311385157454305,
      "recall": 0.5993160444571103
    },
    "euclidean": {
      "accuracy": 0.8091399555696605,
      "accuracy_threshold": 0.3797124922275543,
      "ap": 0.5302659337880556,
      "f1": 0.5224844720496894,
      "f1_threshold": 0.4384267032146454,
      "precision": 0.46311385157454305,
      "recall": 0.5993160444571103
    },
    "evaluation_time": 156.97,
    "manhattan": {
      "accuracy": 0.8081878768644875,
      "accuracy_threshold": 8.390897750854492,
      "ap": 0.5288695966908349,
      "f1": 0.5226447081617825,
      "f1_threshold": 9.763708114624023,
      "precision": 0.454411455043167,
      "recall": 0.6149900256483328
    },
    "max": {
      "accuracy": 0.8091399555696605,
      "ap": 0.5302659337880556,
      "f1": 0.5226447081617825
    }
  }
}