{
  "dataset_revision": "b5bc0efb7b0eb40576ea6f8040cb299a1b92823c",
  "mteb_dataset_name": "MassiveIntentClassification",
  "mteb_version": "1.2.1.dev0",
  "test": {
    "default": {
      "accuracy": 0.49270342972427705,
      "accuracy_stderr": 0.012972399816872902,
      "f1": 0.4689178038809086,
      "f1_stderr": 0.008476360305451477,
      "main_score": 0.49270342972427705
    },
    "evaluation_time": 49.6
  },
  "validation": {
    "default": {
      "accuracy": 0.485981308411215,
      "accuracy_stderr": 0.013436626454631157,
      "f1": 0.4583553343185791,
      "f1_stderr": 0.011623965901628076,
      "main_score": 0.485981308411215
    },
    "evaluation_time": 45.98
  }
}